Date,Open,High,Low,Close,Volume
2023-09-07,89.71256522873398,90.93316782267433,86.69275966064285,88.00428009033203,571554.0
2023-09-08,86.52743098940654,89.27171310914991,84.97068829127258,85.73666381835938,261648.0
2023-09-11,86.24088596044056,87.01237078019871,84.98722785811937,86.52743530273438,532620.0
2023-09-12,87.02339118642793,87.06748035860805,79.35539418779167,81.70015716552734,505800.0
2023-09-13,82.27518672392941,83.83996873973553,79.68197294191788,82.11207580566406,326574.0
2023-09-14,82.66224529247233,89.0568149658961,82.66224529247233,86.6128921508789,952812.0
2023-09-15,87.80443747231428,91.78549512895958,85.70609187598109,89.38580322265625,838908.0
2023-09-18,89.57379799531577,91.67491515023723,87.08563693989034,88.57300567626953,800334.0
2023-09-20,87.36209977378742,89.92766656175004,86.53271022754002,87.64132690429688,256932.0
2023-09-21,87.08563906392038,88.19149182364356,85.26374899618865,85.49321746826172,202446.0
2023-09-22,85.15039977840998,86.50782493246264,83.32574585965706,84.6472396850586,251640.0
2023-09-25,84.65276972728644,85.14210249798626,81.91026467956547,82.4493637084961,305478.0
2023-09-26,82.41066169041646,82.49083138218337,79.68197635658534,80.08284759521484,450918.0
2023-09-27,80.08284261966176,82.25030201013517,79.04610384189759,81.97384643554688,477144.0
2023-09-28,82.38578248098023,84.85458843798696,81.6725091001847,83.34510803222656,285354.0
2023-09-29,83.80680396692122,84.72741908020286,82.88341731169957,83.52204132080078,236214.0
2023-10-03,82.44107406129471,85.16698789786335,82.44107406129471,84.05007934570312,234558.0
2023-10-04,84.59194517740504,85.13380813876266,81.06704540380785,81.92131805419922,252522.0
2023-10-05,82.88617314167823,84.81864385827411,81.56191534592499,83.10181427001953,301680.0
2023-10-06,83.75150586381869,84.40395717883966,82.08167090674844,83.73767852783203,176256.0
2023-10-09,80.78505795720947,87.3261622166412,80.78505795720947,85.29415893554688,782928.0
2023-10-10,86.7898181870298,89.85026082926647,86.32259700384405,87.80167388916016,938538.0
2023-10-11,88.19148816788966,94.8791118773486,87.30956842652128,93.94743347167969,3890358.0
2023-10-12,95.32421755382535,97.85108153507956,92.06748893084965,93.60185241699219,2329452.0
2023-10-13,93.5520894612479,95.34633236327905,92.27759793843558,92.88581085205078,636372.0
2023-10-16,93.66544506493817,94.26536615488091,91.23257054373671,91.60855865478516,358020.0
2023-10-17,92.8637011634393,93.99719337618629,90.12672401305863,90.63817596435547,473472.0
2023-10-18,90.90082181097402,92.72270428219228,89.69544412740855,91.00587463378906,333450.0
2023-10-19,90.12672616245018,92.61488726758982,89.90832107862715,91.11646270751953,353808.0
2023-10-20,90.67965131555987,92.57894709395539,88.87988046137316,89.23374938964844,413622.0
2023-10-23,90.40319188243357,92.0232605946292,82.88341420006702,83.40592956542969,1139742.0
2023-10-25,83.76808741129172,85.64803556247257,80.72700754367878,82.93870544433594,728658.0
2023-10-26,82.93870599755807,84.0445511586304,80.68000577125441,83.27875518798828,488286.0
2023-10-27,83.92014473908893,86.52995000065754,83.92014473908893,84.37907409667969,404136.0
2023-10-30,84.3210093731782,85.28586273118289,83.21516427733889,84.17724609375,194076.0
2023-10-31,84.54218607608081,86.85894448114426,84.04455383940896,84.73847198486328,266400.0
2023-11-01,85.14209767159387,85.56232411451191,82.39130093452196,82.99674987792969,189216.0
2023-11-02,84.30995652915263,84.65276965984464,81.11681399126542,81.96831512451172,447840.0
2023-11-03,82.81982636691954,84.04455169400933,81.61168473088732,83.53862762451172,693756.0
2023-11-06,84.3154870962247,90.33130456103834,84.28784001782793,89.26139831542969,1073196.0
2023-11-07,89.08722127007881,90.1543711277444,79.26728457366713,82.77005767822266,1695204.0
2023-11-08,81.2246372550866,82.761764628941,79.86167659601735,81.36839294433594,1117098.0
2023-11-09,79.67644563798856,83.49438469945943,79.67644563798856,82.93316650390625,834372.0
2023-11-10,82.66224024482493,83.47780244955457,81.28545224159454,81.4679183959961,312048.0
2023-11-13,82.76729250116847,82.92763947396467,80.61641672045967,81.04769897460938,300096.0
2023-11-15,81.94343588821278,88.51770712636824,81.52044549248454,87.37591552734375,1374840.0
2023-11-16,88.02560883094867,88.32695514890393,85.42686701025714,85.8747329711914,551682.0
2023-11-17,86.25624752134028,86.58800486032256,83.81232482374122,84.18278503417969,406080.0
2023-11-20,84.18279158893617,86.07655960848211,83.10458584823975,84.7052993774414,466020.0
2023-11-21,84.70529231467474,89.07616542808678,84.39565415820357,87.64132690429688,1022274.0
2023-11-22,88.46794962327465,88.87988426655565,84.59748005439414,85.89132690429688,532764.0
2023-11-23,86.80917343850675,88.46794493828855,85.33563204298386,88.12236785888672,433638.0
2023-11-24,87.91502896704604,89.84473581360213,85.8056199073638,86.42489624023438,511578.0
2023-11-28,85.8139051854491,87.38697902714438,83.82337643735036,84.3486557006836,442818.0
2023-11-29,84.6527729954339,89.02087473713225,83.60774227836167,87.48651123046875,1463058.0
2023-11-30,87.9675496227237,88.18595470347319,84.90158664686764,85.59550476074219,547956.0
2023-12-01,86.2562459773611,86.80917233467925,84.48688618990195,85.00663757324219,599724.0
2023-12-04,85.59274433464292,87.85973646885608,85.59274433464292,87.4450454711914,826380.0
2023-12-05,86.80917336109106,90.84552518666763,86.50782705006931,89.91661071777344,1540278.0
2023-12-06,90.23731022717601,90.56906758458162,86.8091787092911,90.32025146484375,600750.0
2023-12-07,90.67964847030956,104.29264849702696,88.35736234531151,103.5406723022461,10074348.0
2023-12-08,105.05569229542373,107.29780122791718,103.50750148328154,106.2113037109375,3341394.0
2023-12-11,107.59914961372209,125.23744663755991,107.54385545652563,123.24691772460938,10035810.0
2023-12-12,124.4080561401683,124.96098252151685,117.5573212069204,121.41397094726562,3483234.0
2023-12-13,123.02574906796875,126.506403134553,113.9771358504299,125.6217269897461,1856232.0
2023-12-14,127.28326020011949,129.27378908313275,122.19635727312173,123.05892181396484,1536012.0
2023-12-15,123.8523687899558,129.64978130825614,121.31444134633267,127.92466735839844,1564524.0
2023-12-18,129.93730541773292,140.71656799316406,125.62449025219067,140.71656799316406,5878188.0
2023-12-19,148.73673989043826,154.78573228546702,140.71933019978005,145.69012451171875,9924264.0
2023-12-20,148.460297282484,149.2233293715282,136.01949067184376,137.97683715820312,2420784.0
2023-12-21,136.3512228213143,145.29478268083005,135.90888477530402,142.67115783691406,1902996.0
2023-12-22,146.35915938597708,146.35915938597708,141.60399886662935,142.85362243652344,1175778.0
2023-12-26,143.82123957859696,145.07637592343403,141.61507715541887,143.44525146484375,1382130.0
2023-12-27,143.8157019805855,150.94843505333301,142.65731909754945,149.5522918701172,1600362.0
2023-12-28,150.83786598794984,162.70363424526417,150.83786598794984,159.62936401367188,3462498.0
2023-12-29,161.38765529265478,164.2075814093945,159.8007691530617,160.63844299316406,1905174.0
2024-01-01,161.95164837896758,163.11278010310076,151.44607758622,152.00453186035156,1928466.0
2024-01-02,153.71307215119646,154.11395101453584,145.48832022616457,149.6463165283203,1313766.0
2024-01-03,150.83232977694934,154.7636212999969,149.67671075851013,154.02822875976562,751806.0
2024-01-04,154.8189099272707,156.11275669772422,150.39551423638068,151.58982849121094,793440.0
2024-01-05,152.87814200574567,153.65775766685618,149.90064072499447,151.0756072998047,493542.0
2024-01-08,153.6549970637591,153.6549970637591,147.18854243232536,147.92393493652344,686538.0
2024-01-09,148.73950991322187,150.89315740539132,147.9377673927611,149.51084899902344,537534.0
2024-01-10,149.28967091385988,156.58550803667094,148.18381812489855,153.46148681640625,762624.0
2024-01-11,154.81890162617145,155.6482835279529,149.34494766405032,150.096923828125,765000.0
2024-01-12,150.7825560245279,152.05427600343896,150.44804233960465,151.67276000976562,214812.0
2024-01-15,151.67276000976562,151.67276000976562,151.67276000976562,151.67276000976562,0.0
2024-01-16,151.9989952206629,157.3070668748288,150.02228619369905,153.84022521972656,1460808.0
2024-01-17,153.43661550184825,156.74863087619278,149.84260143208027,152.25335693359375,711234.0
2024-01-18,152.05428489007974,154.21069627005517,144.0368902845818,149.51637268066406,840978.0
2024-01-19,152.28098605702723,155.261251457351,150.22963513939646,154.5120391845703,820584.0
2024-01-23,180.14287196531356,180.14287196531356,166.43310974532815,170.51644897460938,3359214.0
2024-01-24,173.7289304228197,175.1665328560899,165.93269775371186,171.2794647216797,1807416.0
2024-01-25,174.11599261769635,177.43353587508278,172.51803545240807,176.98843383789062,2022696.0
2024-01-29,184.28980611502377,189.8024558810393,179.25542574889454,187.1815948486328,3531672.0
2024-01-30,190.7590341277495,193.10618843554948,181.08560869307192,181.73806762695312,2262060.0
2024-01-31,184.62155874040357,185.17448513201987,168.64203310093683,170.64085388183594,2777868.0
2024-02-01,173.62664459265858,173.83676542640268,166.9804873885816,170.06304931640625,2550474.0
2024-02-02,180.6404990675455,187.05995178222656,178.33480408637308,187.05995178222656,935865.0
2024-02-05,197.39410720691563,203.69745873145848,187.29217930069763,190.87513732910156,1665105.0
2024-02-06,191.42251251324936,194.05997225727205,177.60492726426122,185.15235900878906,673065.0
2024-02-07,187.70687770075938,191.07418699968758,185.11918410638077,189.43199157714844,365463.0
2024-02-08,191.2566629853128,191.2566629853128,179.82770513600138,181.2210693359375,368634.0
2024-02-09,163.10725091032887,172.51249677104565,163.10725091032887,163.47218322753906,1218369.0
2024-02-12,163.47219319154354,165.71153830375647,159.44136895225407,161.03379821777344,431991.0
2024-02-13,160.23757335343757,177.12388610839844,158.7778592753604,177.12388610839844,696549.0
2024-02-14,170.85373013309038,183.52675258408615,168.1831029326534,179.9935760498047,638433.0
2024-02-15,161.99587699381001,172.18075417080328,161.99587699381001,162.36080932617188,1579746.0
2024-02-16,159.9058134950168,160.98401149799963,148.64273941140448,150.71620178222656,1524270.0
2024-02-19,151.59536634836698,154.2991762729743,147.66407470742496,150.91526794433594,705744.0
2024-02-20,150.915255729556,152.57403478331773,143.76593881338823,145.35836791992188,886308.0
2024-02-21,146.35364035431414,147.94605436179216,137.6948426799033,138.77304077148438,824586.0
2024-02-22,140.9958068059908,144.23041637540774,134.6924549566194,136.3014678955078,1056285.0
2024-02-23,136.68297964666723,143.10244750976562,135.04079937586974,143.10244750976562,824913.0
2024-02-26,143.10243662529743,145.5739986890657,139.70194494490596,140.630859375,629394.0
2024-02-27,141.54318725725778,145.20907904082773,138.04317794632323,143.88206481933594,663807.0
2024-02-28,144.42945686249791,144.62850670885467,137.04790736449448,137.4957733154297,390633.0
2024-02-29,137.54553018368964,139.2706591074036,133.36542294944562,137.62847900390625,2124132.0
2024-03-01,140.33229590871898,141.26121046381257,133.69719411326912,134.5929412841797,565302.0
2024-03-04,138.50764289981458,138.97209256240222,135.3559670365418,135.8038330078125,354780.0
2024-03-05,135.98629427083563,137.46260722156717,132.37016887530328,133.4649658203125,474639.0
2024-03-06,133.79671589272382,134.26116553970178,128.05736172915252,131.6403045654297,515406.0
2024-03-07,132.7019184387369,135.35596197093182,131.27537174866674,132.02182006835938,258891.0
2024-03-11,132.02182211182043,133.16638533164956,126.56445896689883,127.17820739746094,308322.0
2024-03-12,127.21138245216937,127.360673637165,120.82510481193516,121.02415466308594,655167.0
2024-03-13,119.43173645438524,124.4080588066513,114.98622131347656,114.98622131347656,574722.0
2024-03-14,111.2373836619901,120.72557830810547,109.47908722001601,120.72557830810547,893394.0
2024-03-15,123.04785443716234,125.03838325563686,114.68763188091641,117.9222412109375,635046.0
2024-03-18,118.88432716657925,123.41278313337591,117.92223775959067,119.63077545166016,355722.0
2024-03-19,120.09523779525622,122.08576664044425,119.43173071128186,120.57628631591797,300264.0
2024-03-20,121.75401883009516,122.74928326850666,114.55493534251062,114.77057647705078,521106.0
2024-03-21,116.77769680284563,120.49334716796875,116.3961731991884,120.49334716796875,204504.0
2024-03-22,121.05732373824691,126.51469421386719,121.05732373824691,126.51469421386719,416274.0
2024-03-26,128.38911701817702,129.05263172902664,121.12368332790427,122.20188903808594,535383.0
2024-03-27,124.40805166269607,124.80615894666967,118.43646518288666,119.89618682861328,628206.0
2024-03-28,121.09050263458904,123.08103148662758,118.43646669629265,119.23268127441406,623358.0
2024-04-01,120.42699500724466,124.22558653704887,118.4364661641497,121.96965789794922,747384.0
2024-04-02,123.74454661798174,128.0573616775677,123.11420691080698,127.84171295166016,567777.0
2024-04-03,127.70902331691038,132.37017978285223,126.87963369445059,130.26353454589844,661662.0
2024-04-04,134.69245153061806,134.69245153061806,128.63793114250296,130.89385986328125,526914.0
2024-04-05,132.28722918438126,135.91993810447337,131.04314870674298,135.1569061279297,565758.0
2024-04-08,136.01947388761354,137.56212156775152,136.0028750107245,136.235107421875,255807.0
2024-04-09,137.4460236433258,137.6782408731751,134.3772815312568,134.90809631347656,205359.0
2024-04-10,136.01947748583314,141.64271545410156,134.44363201023012,141.64271545410156,544965.0
2024-04-12,143.9815853811203,148.70909118652344,143.7327692860991,148.70909118652344,454194.0
2024-04-15,148.7090888999324,156.14038906992008,141.27777354341572,154.84654235839844,2293998.0
2024-04-16,155.59299481775824,159.14277013520632,147.41524615418612,149.96975708007812,765537.0
2024-04-18,149.10720786941954,157.46742354099194,146.4034130822052,154.29917907714844,1097805.0
2024-04-19,149.78729820377018,159.19254412344506,149.78729820377018,156.0740509033203,953682.0
2024-04-22,156.9200439041931,163.8702966442327,155.02903221003436,163.6546630859375,966090.0
2024-04-23,167.53617369147233,171.8323974609375,167.53617369147233,171.8323974609375,1889838.0
2024-04-24,173.67364547238213,180.40826416015625,172.18074880643044,180.40826416015625,1354689.0
2024-04-25,189.08365466422364,189.1002383546889,172.5124930859607,180.75660705566406,1913100.0
2024-04-26,188.4367251809361,188.90119000989114,171.7660461409424,173.9390411376953,2137782.0
2024-04-29,177.4888161776751,177.4888161776751,167.9176879980947,169.60964965820312,758103.0
2024-04-30,171.51723829525886,178.08598986015588,167.5030130395678,172.16416931152344,994380.0
2024-05-02,176.0291059516066,180.75661204085648,172.51249784378385,177.42247009277344,1389885.0
2024-05-03,179.1475876175061,180.07650204721733,169.12859391503642,170.62149047851562,1227249.0
2024-05-06,174.2376246134093,174.2376246134093,166.5409089975606,167.9840545654297,695052.0
2024-05-07,168.531437999807,172.081213445567,163.38924858191473,164.23521423339844,524919.0
2024-05-08,164.8489517089066,172.42955062010597,161.8963411903374,168.29920959472656,573138.0
2024-05-09,168.5314471565924,169.52671163819932,160.33711406148478,162.07882690429688,441810.0
2024-05-10,162.5598607205819,164.21863992339925,159.04326764190736,161.69729614257812,361422.0
2024-05-13,161.56457818901853,163.22335720654598,155.59299194975466,160.23756408691406,377226.0
2024-05-14,161.8963482572637,168.24945068359375,161.8963482572637,168.24945068359375,350463.0
2024-05-15,170.85373615800006,176.62625783609099,170.5551537847984,172.6286163330078,1037604.0
2024-05-16,172.8442523481196,174.0883328228265,166.14280147462406,167.9342803955078,713514.0
2024-05-17,168.86319944292308,176.3276824951172,166.97218795778278,176.3276824951172,1353375.0
2024-05-21,177.48881933993923,178.46750008498196,172.94377942843252,174.917724609375,1099179.0
2024-05-22,175.16654959226727,175.8300643119907,170.35610963723235,172.76132202148438,340251.0
2024-05-23,172.84427187896418,174.81820198509206,170.78739294079674,171.51724243164062,333495.0
2024-05-24,172.31344790235343,180.05992987542447,171.68311578232283,175.97933959960938,743406.0
2024-05-27,183.12864717651826,183.792161829914,179.14758962920266,181.7850341796875,1551798.0
2024-05-28,182.4651397340061,184.77083464217708,177.67128376043263,179.33006286621094,1056018.0
2024-05-29,179.0978317898707,179.0978317898707,175.1997228826054,176.74237060546875,445629.0
2024-05-30,175.8300560716623,180.4414459506253,169.09542222639703,169.82528686523438,662517.0
2024-05-31,170.0243268723743,175.79686332560442,168.29921308026553,175.0504150390625,614280.0
2024-06-03,183.79216995716743,183.79216995716743,175.89640446007365,176.64285278320312,686370.0
2024-06-04,175.8300608775551,180.12628481381623,167.81817888186902,167.8347625732422,954438.0
2024-06-05,159.57405770248516,173.574109597885,159.57405770248516,170.2897491455078,560058.0
2024-06-06,172.1807401797152,178.48407628018725,171.00300963425872,174.9674835205078,603066.0
2024-06-07,175.16653464584073,182.39878524624976,173.25893948098698,177.09071350097656,701166.0
2024-06-10,183.29454713366417,187.4414723502942,177.19026033660668,180.2589874267578,1077198.0
2024-06-11,180.4082670517383,182.1333961653409,171.78265185678617,175.23289489746094,459603.0
2024-06-12,175.2328837477907,184.12391336979445,173.10965505992854,183.52674865722656,1140999.0
2024-06-13,184.1902792902195,189.89646637527386,181.13813588841782,186.03152465820312,1363506.0
2024-06-14,187.44146349454533,189.08365892390722,175.8300552127301,179.14759826660156,1134663.0
2024-06-18,180.42485898654334,182.415387829785,179.14759589174932,182.01727294921875,495489.0
2024-06-19,183.92487166444513,200.2140350341797,177.48882018226666,200.2140350341797,3775779.0
2024-06-20,209.33727077571533,210.59795013466513,198.05761279749822,201.01022338867188,2841066.0
2024-06-21,201.88939338577458,204.34437186458484,192.08603278804236,192.78271484375,1121247.0
2024-06-24,192.41779473091557,200.7116755360062,190.09551600248622,196.5149688720703,812223.0
2024-06-25,197.74245216091614,199.68321472921141,191.75428199166558,192.5836639404297,426996.0
2024-06-26,192.89884001321857,197.3941137963047,190.4604451116846,193.0315399169922,562983.0
2024-06-27,193.41304849554993,194.0267969167873,181.65234153436364,186.44619750976562,649728.0
2024-06-28,187.14289856363655,193.72821849151836,178.55043567809176,180.02674865722656,926094.0
2024-07-01,180.05992788549887,188.12156064296224,180.05992788549887,184.1405029296875,324513.0
2024-07-02,185.03624821500787,185.03624821500787,180.80637443607716,181.43670654296875,279540.0
2024-07-03,181.78503353731864,185.61680748768143,181.78503353731864,184.47225952148438,413088.0
2024-07-04,187.4083004170241,193.0481222194809,185.7827038276965,187.05995178222656,879681.0
2024-07-05,187.47464002056725,187.95568853163172,182.79690036500585,184.20684814453125,390213.0
2024-07-08,185.60023097298335,196.5315407355081,182.46513893243082,193.84432983398438,1372041.0
2024-07-09,194.70690319321616,196.8633146004562,189.43199848106326,189.76376342773438,518520.0
2024-07-10,189.76376163750564,189.92962892274585,181.85139705065615,186.09786987304688,691656.0
2024-07-11,190.65948553726477,191.09076779646293,185.28506376760114,186.52914428710938,422958.0
2024-07-12,187.1097024045559,188.1049667790482,182.79689517726555,184.17367553710938,315657.0
2024-07-15,186.31349429693728,188.76848793821713,181.80163707635975,184.88694763183594,468183.0
2024-07-16,184.78743656057767,187.27559766692957,183.02912490863352,183.67605590820312,514860.0
2024-07-18,183.67605199703564,183.84191927624036,175.1665381572063,175.86322021484375,533349.0
2024-07-19,175.83004346133671,175.83004346133671,170.33949055944288,172.72813415527344,500949.0
2024-07-22,172.5125085610713,177.96987962831759,169.65941496473906,175.18313598632812,343845.0
2024-07-23,175.78028925608044,184.72108549395261,169.54330283692167,182.99595642089844,552246.0
2024-07-24,186.36325016131187,188.40354512294707,181.68551073795987,186.2637176513672,564654.0
2024-07-25,185.7827018517665,191.42252359423983,182.46514357045604,189.0670623779297,625419.0
2024-07-26,188.76849456412722,193.08130209162596,185.7827012328134,187.04336547851562,341757.0
2024-07-29,192.41777447982295,193.67845382740344,186.6452532427863,187.54098510742188,435324.0
2024-07-30,189.1002435512903,196.53154428099538,188.00544659296025,190.6926727294922,1016853.0
2024-07-31,192.18556780493333,194.0765641502468,189.53152425865073,191.35617065429688,470253.0
2024-08-01,192.41779785970834,203.91310584743408,191.43913224025715,197.1121368408203,1785585.0
2024-08-02,192.2850837497888,196.8135399179503,191.45570179166225,193.4628143310547,607419.0
2024-08-05,190.75901399485042,190.75901399485042,178.1025603461828,179.67840576171875,825063.0
2024-08-06,185.35141626422586,188.70214186770096,178.15233284263147,179.42959594726562,1218489.0
2024-08-07,181.80163750020168,185.4509302167578,179.81110867788755,183.54335021972656,433512.0
2024-08-08,182.5480910605244,188.28744528024492,182.19974243198544,184.0575714111328,410613.0
2024-08-09,185.78270561442037,187.44146960214027,179.47935386418698,180.7234344482422,360726.0
2024-08-12,182.46513259220487,182.46513259220487,177.4888106561763,178.0362091064453,389211.0
2024-08-13,179.4793497593088,180.64049667338054,172.96037979717957,174.25421142578125,352272.0
2024-08-14,176.49356095259546,176.77555963947873,167.20443096136327,168.4153289794922,622563.0
2024-08-16,171.48405983897507,173.17600628839486,161.54799948973687,162.09539794921875,1039935.0
2024-08-19,163.6878148186709,171.16889685933856,161.23283633193967,170.6712646484375,957876.0
2024-08-20,171.8489889106597,174.28738361714989,170.04092628994007,171.40110778808594,419208.0
2024-08-21,171.98170825792934,172.11440816609914,166.04328865487906,166.4248046875,572160.0
2024-08-22,166.5906665725013,170.5883077614306,164.91530386253197,165.9105682373047,495474.0
2024-08-23,165.99353032094018,170.07410547159193,165.54564916728748,167.91769409179688,626268.0
2024-08-26,169.75893670911609,170.9864335663027,166.69020975267964,167.42005920410156,290697.0
2024-08-27,166.54090882387266,169.1783686636673,164.83237864694954,166.05987548828125,261474.0
2024-08-28,166.39162595704408,167.58594023565993,161.89635233157966,162.4105682373047,461355.0
2024-08-29,161.92952282748962,164.86554991496013,160.60250862423064,162.04563903808594,319017.0
2024-08-30,164.550388808837,170.70444185011777,160.9010958433095,166.78973388671875,850941.0
2024-09-02,170.85372275466415,170.85372275466415,161.5645784645062,162.1617431640625,590784.0
2024-09-03,162.1617456921907,164.21862441996507,160.71861536338173,161.21624755859375,296028.0
2024-09-04,159.30865380145664,163.80392728759264,159.30865380145664,160.07168579101562,526161.0
2024-09-05,162.5598520625992,162.5598520625992,158.1143446894996,158.6617431640625,427206.0
2024-09-06,158.2636293691077,162.7257356502368,158.16411203720298,159.8228759765625,538713.0
2024-09-09,160.18780611680197,160.70202201981797,157.28496166913817,158.9437255859375,248691.0
2024-09-10,158.26363166707904,164.21863469201577,158.26363166707904,163.1072540283203,399570.0
2024-09-11,166.2154863609706,167.7114256925669,160.68050779056796,161.54483032226562,523299.0
2024-09-12,162.89116536875008,164.86913363924603,159.5169931528933,161.96035766601562,302148.0
2024-09-13,162.17644141750384,169.40681459921956,161.22901625098217,165.9329071044922,1378266.0
2024-09-16,166.04926887411938,167.7280462806388,161.960361871908,162.62522888183594,430650.0
2024-09-17,164.88574495896344,168.82506386253053,164.55331908381308,165.20155334472656,1279392.0
2024-09-18,165.2015613882315,167.02994183428336,162.7748143377751,163.456298828125,323580.0
2024-09-19,164.5533173156318,165.25141925468677,159.91591173282,160.614013671875,246918.0
2024-09-20,165.55062339073197,166.21549040455426,162.59199485331297,165.68359375,427818.0
2024-09-23,165.55061638000305,167.44546674555264,162.35928224027037,162.77481079101562,246018.0
2024-09-24,162.8080576538768,165.550612989547,162.8080576538768,164.4037322998047,259215.0
2024-09-25,164.38710748467255,165.41765057995022,161.59469954646357,162.2761688232422,258510.0
2024-09-26,164.05468452590765,164.17103739499456,161.22902633909024,162.9742889404297,294996.0
2024-09-27,163.55602602451953,165.48412653280323,161.993601587158,162.8911590576172,222333.0
2024-09-30,162.8911614682639,168.1768166505317,161.91050131898444,163.98818969726562,477114.0
2024-10-01,164.66968115719789,166.2154881937217,162.87455089599223,164.9688720703125,300195.0
2024-10-03,161.89387590913665,167.76128044959648,161.34537698739393,162.25955200195312,381069.0
2024-10-04,162.2595511201363,163.53941743803844,158.53632025076502,159.58348083496094,269343.0
2024-10-07,161.04618551745344,164.5533281503392,149.61055217242938,150.32528686523438,479319.0
2024-10-08,151.40567437478873,156.2425507591006,148.69636924788452,155.54443359375,356388.0
2024-10-09,158.55294877316658,160.04888807753446,156.0430838919073,156.9905242919922,220962.0
2024-10-10,157.37281652294314,159.16794671639508,156.00984758379408,157.0237579345703,116025.0
2024-10-11,157.04038372353713,161.74429008291068,156.37553192599762,160.28158569335938,250890.0
2024-10-14,160.41456260557467,161.56144330749333,159.48375492181464,160.11537170410156,151164.0
2024-10-15,160.86334332266847,160.86334332266847,158.08753772700246,160.0655059814453,124539.0
2024-10-16,159.53360748299363,160.56415054033388,157.25646356751105,158.56956481933594,136113.0
2024-10-17,160.06550522998594,160.06550522998594,153.84904229805372,154.29782104492188,243078.0
2024-10-18,153.54984572614524,154.7466092969247,149.99283564461516,153.28390502929688,351348.0
2024-10-21,152.91823741200014,154.58039729410814,146.26962831853172,146.9012451171875,326412.0
2024-10-22,147.58272197715976,147.6325896623676,138.72343932872568,139.37167358398438,491910.0
2024-10-23,139.37167419345954,143.61016875748248,138.39099884418087,140.90086364746094,326037.0
2024-10-24,142.28046289931248,142.64613900216412,139.28858411323452,141.3496551513672,258240.0
2024-10-25,141.59896892704646,142.2804533973066,134.01953708817135,135.41575622558594,289161.0
2024-10-28,135.63183225182453,139.9700623851072,130.5622651629451,138.42425537109375,362373.0
2024-10-29,138.5239795783388,140.86762401172138,135.8146742652098,138.70681762695312,236358.0
2024-10-30,138.62370971692874,144.00908515850745,138.4242541852928,142.69598388671875,224838.0
2024-10-31,142.66275081580756,154.3144570835267,141.00059092830358,150.3585205078125,297870.0
2024-11-01,151.1064821881181,156.22591671877333,151.1064821881181,152.10377502441406,75027.0
2024-11-04,152.55256760873863,152.55256760873863,146.56881004764873,147.1339569091797,268689.0
2024-11-05,151.1896083650401,152.91823821664804,147.26692197921113,149.1950225830078,345597.0
2024-11-06,150.3917748824401,156.2425620227671,149.610554996197,155.2618865966797,285564.0
2024-11-07,156.50849246897963,158.63604852262588,152.25338036168714,152.81851196289062,396342.0
2024-11-08,152.9182376575408,155.21201434198767,148.59664021809897,149.59393310546875,190386.0
2024-11-11,148.230969626659,149.2448800417513,144.60747403052397,145.987060546875,138294.0
2024-11-12,146.76827028800545,147.99825365014405,140.95071848668394,141.9978790283203,211455.0
2024-11-13,140.81775063510565,145.10611303283702,134.41846484451005,143.47720336914062,546111.0
2024-11-14,140.95072178228003,149.5939318034157,135.88115472143593,147.69908142089844,442119.0
2024-11-18,147.56609902546566,152.1037847646885,144.30827960960596,145.30557250976562,294933.0
2024-11-19,146.18650778606977,149.41109211632877,143.0616588295744,145.0396270751953,170547.0
2024-11-21,144.80691964362967,144.80691964362967,138.49073662830116,140.4520721435547,189240.0
2024-11-22,140.4520804309611,142.5464016390706,140.4520804309611,141.39952087402344,141165.0
2024-11-25,143.61017702604187,152.7520336453325,142.94531002287175,149.56068420410156,729651.0
2024-11-26,149.26150826714624,159.5502456131697,148.67974393376042,158.8188934326172,1257294.0
2024-11-27,159.89928537793176,167.87762835258917,157.90469963426742,167.39561462402344,1006845.0
2024-11-28,166.38169490767956,174.14396513511937,165.88304845419253,167.2460174560547,1903221.0
2024-11-29,167.24600511578817,169.53978167607835,164.25412661562208,167.94410705566406,470685.0
2024-12-02,168.19343708308548,178.8478502995825,165.5672345443518,177.8007049560547,1467666.0
2024-12-03,179.1802957252063,181.83973330790238,177.51813582290978,178.8478546142578,619566.0
2024-12-04,178.86448696175427,182.1721740518998,175.59003485214745,177.7009735107422,488196.0
2024-12-05,177.56800013715443,178.99745427812093,173.9611221960232,174.69247436523438,343176.0
2024-12-06,175.78949159460933,181.7732490109234,173.54558256349156,175.35733032226562,501207.0
2024-12-09,176.18840986465017,179.5127143165367,175.5401603769072,177.1025848388672,446364.0
2024-12-10,177.10259586526968,177.9503009337573,170.35425116862092,171.81695556640625,530328.0
2024-12-11,172.63140691123718,174.19383143857152,168.77520567260885,169.20736694335938,479931.0
2024-12-12,169.5397811355216,171.01910289165977,163.85521504682677,164.86912536621094,504441.0
2024-12-13,164.8691288219869,164.8691288219869,160.81347224195972,161.6944122314453,294984.0
2024-12-16,161.59470223283486,166.93021019112985,159.51699851744783,160.28158569335938,330300.0
2024-12-17,160.2815866198131,161.91051157690586,155.92675405957,156.7910614013672,325074.0
2024-12-18,157.48916692622225,161.1126622359174,149.5773093373304,150.5247344970703,946671.0
2024-12-19,143.02842849156235,147.38327618422014,138.62371311040442,139.13897705078125,1882578.0
2024-12-20,137.97548036605997,138.95614056935645,133.8200881631278,135.6318359375,1611750.0
2024-12-23,137.2939893200283,138.35776736023195,132.98900947252807,134.2522430419922,598446.0
2024-12-24,133.96966700346178,135.93101771311956,133.37130042740773,134.3187255859375,403638.0
2024-12-26,136.29669474151248,142.4134222001002,133.96966794363928,135.0666961669922,789384.0
2024-12-27,135.76480618207225,136.296702835811,134.33535199590938,135.24954223632812,219312.0
2024-12-30,134.63453103909788,135.94763224090642,133.22169446804585,133.62062072753906,268389.0
2024-12-31,133.85331527320685,138.60708903037892,131.70914172697744,137.37709045410156,361743.0
2025-01-01,139.95342611392815,141.083689324916,137.11115059680674,139.67086791992188,329862.0
2025-01-02,143.61017049768728,146.61866653923875,141.4493642487237,142.01449584960938,1141122.0
2025-01-03,143.2777533300002,146.40260242309202,141.61559340533088,144.10882568359375,536121.0
2025-01-06,144.2750430479334,144.95652753674014,133.07211553424168,134.5514373779297,466707.0
2025-01-07,135.64845051728588,140.00329816553645,135.38250980463962,138.78993225097656,309147.0
2025-01-08,138.45749061570802,138.45749061570802,134.66778982247735,135.3326416015625,225039.0
2025-01-09,136.57924933882816,136.57924933882816,132.10804911546327,132.8394012451172,309645.0
2025-01-10,133.3048196632481,133.3048196632481,127.65348828640805,128.03578186035156,400341.0
2025-01-13,128.31835774830594,129.49848869026363,121.30405727515728,122.38446044921875,494868.0
2025-01-14,127.98592033087414,129.64808027873667,124.1629691900209,128.65078735351562,329907.0
2025-01-15,128.65077919027513,130.64536491415535,127.28781024995943,128.0856475830078,204102.0
2025-01-16,129.64807835668768,131.97509007521109,129.61482815818147,131.01104736328125,157284.0
2025-01-17,130.97779043125726,132.02495097687742,129.7145568676425,130.79495239257812,210879.0
2025-01-20,131.87535898855407,133.43778340428884,130.32955206195453,132.05819702148438,166221.0
2025-01-21,132.1579290940142,133.57076580000353,128.58430121119673,129.83091735839844,221145.0
2025-01-22,129.63146181834261,130.9777981268311,124.99404822900408,129.83091735839844,233730.0
2025-01-23,130.51239402618174,142.29707028193306,126.85564847490795,139.28857421875,915576.0
2025-01-24,136.49615774610385,137.6098035199926,131.04428174467614,133.3380584716797,285933.0
2025-01-27,132.75630706558115,133.33805617817305,124.01336919040283,126.45674133300781,333462.0
2025-01-28,127.121598863458,132.57346708263685,125.49268919803761,127.85294342041016,514596.0
2025-01-29,127.9028068544755,131.31022913361866,126.98862428649933,129.69793701171875,242421.0
2025-01-30,129.64807632162464,132.5236021392477,126.12430860064526,126.8224105834961,254691.0
2025-01-31,127.03849244996096,132.07482466094714,126.47336081860281,130.64537048339844,262068.0
2025-02-01,131.2936039922649,132.57347031341757,127.71997617869226,130.27969360351562,199239.0
2025-02-03,127.98591167402694,130.7617172296311,126.34038454570707,127.52051544189453,155661.0
2025-02-04,127.8529456787369,129.3821352142437,125.52593400381632,125.67552185058594,235512.0
2025-02-05,125.75862692173978,128.55104233779412,124.91092952059365,127.73658752441406,216447.0
2025-02-06,128.31836145093607,129.46524222794733,126.98863501439428,128.65078735351562,190533.0
2025-02-07,128.96659008648538,129.64807456987708,126.52322557078018,127.6368637084961,261417.0
2025-02-10,127.63686045997423,127.98591143779961,122.60053610280059,123.28202056884766,414882.0
2025-02-11,123.282025386165,123.282025386165,116.74975388111181,117.763671875,422013.0
2025-02-12,119.01028533268249,120.57270981858385,112.0957204015193,117.83015441894531,446346.0
2025-02-13,118.44514305993712,121.71959500878066,116.94920378957312,117.71379852294922,232125.0
2025-02-14,118.37866428784402,119.90784622857036,113.89084623400213,114.85489654541016,348075.0
2025-02-17,126.32375651399842,137.82586669921875,123.74742176375682,137.82586669921875,7044471.0
2025-02-18,143.11152911538562,154.58039730233293,138.05857950838882,144.97314453125,13452435.0
2025-02-19,142.92868300559778,147.26691290108477,139.97005471278987,144.4080047607422,1640919.0
2025-02-20,142.94530984040057,151.9209458930707,142.31369303606212,144.9398956298828,1790745.0
2025-02-21,142.28044783793587,146.91785337846204,141.2831550148136,142.11422729492188,800172.0
2025-02-24,140.6681682975949,143.31098842771198,137.3604811535724,140.25262451171875,718602.0
2025-02-25,141.9480093011046,144.60746194968445,138.62370490349062,140.11964416503906,487617.0
2025-02-27,140.1196539162663,141.7818138394871,129.74781373472413,131.01104736328125,605292.0
2025-02-28,130.99443313639065,130.99443313639065,125.16026337799319,128.61753845214844,611265.0
2025-03-03,130.67860994462532,135.14979493940078,119.77486646192344,133.62062072753906,1416609.0
2025-03-04,130.97779029898572,137.41034140809296,130.94455531970382,135.81466674804688,2551662.0
2025-03-05,137.89235299541093,151.17296833646563,135.2162828529471,149.3778533935547,1596759.0
2025-03-06,150.59121752881512,161.22901280201978,150.59121752881512,160.23171997070312,1960845.0
2025-03-07,159.034961986765,166.19885009125528,157.90469876722563,159.31753540039062,1619685.0
2025-03-10,158.56957491445448,164.55333245839617,152.6855527499048,159.0848388671875,1620141.0
2025-03-11,156.82430261340502,162.8745449641717,152.2533820665362,161.2622528076172,1169829.0
2025-03-12,161.544824813943,166.19884798634052,155.29511177111107,157.43930053710938,758019.0
2025-03-13,157.57228193395474,159.2344418791699,153.3670372074623,154.46405029296875,419478.0
2025-03-17,154.24797070572185,156.3921443134152,151.4887825747788,152.70216369628906,418332.0
2025-03-18,152.70216369628906,152.70216369628906,152.70216369628906,152.70216369628906,0.0
2025-03-19,160.56416039553753,162.1432024490865,154.91282876667876,155.6275634765625,1168080.0
2025-03-20,157.57228079328723,157.88808920231926,150.12583411889364,152.9514923095703,692805.0
2025-03-21,153.5830975433811,157.38943087276053,152.46945184172057,154.0152587890625,468804.0
2025-03-24,156.2425495841585,160.49766163201315,148.1478540256737,149.01217651367188,1033320.0
2025-03-25,149.59392927215012,150.9568982122939,146.26962480526282,148.14785766601562,900468.0
2025-03-26,148.26420504499302,148.430410370827,143.61016678950617,144.42462158203125,761718.0
2025-03-27,141.2831693287699,148.7462335517614,140.73465517698435,143.67666625976562,1720635.0
2025-03-28,145.27232929101953,148.2808253112343,144.80691784801374,146.28623962402344,521394.0
2025-04-01,144.60747158379496,148.53015803435994,143.16139991145346,144.5077362060547,386850.0
2025-04-02,145.22245938666248,151.57189242294254,142.1474782383517,149.04541015625,618492.0
2025-04-03,147.8652804784773,152.18689291432378,146.30285604935773,148.6298828125,499020.0
2025-04-04,147.2502892188294,147.54948012952352,140.15290133545614,141.10032653808594,725859.0
2025-04-07,127.98591586004521,132.62333693081723,125.42619845589323,131.07752990722656,1314195.0
2025-04-08,136.62912896717935,137.65967207791255,130.6786216927282,131.775634765625,593784.0
2025-04-09,131.97508063585585,132.57346242631183,128.01915947556023,130.86143493652344,283047.0
2025-04-11,132.93914063757595,135.63182830303705,132.4571116995824,134.66778564453125,571008.0
2025-04-15,137.89235380817058,150.1923090858681,135.71493007423263,148.19772338867188,1194240.0
2025-04-16,146.28623879626306,159.53360387787188,145.63800453858002,157.88807678222656,2662224.0
2025-04-17,157.87145959684187,158.02104743583175,154.59700767107094,155.17877197265625,491058.0
2025-04-21,154.26458932821936,161.5448304582807,154.1150014819265,159.9990234375,714717.0
2025-04-22,160.89658241581833,163.65577059215013,159.1679525527034,160.34808349609375,703788.0
2025-04-23,161.34537116446845,162.32603132255858,155.95998056118626,157.00714111328125,477294.0
2025-04-24,156.37553360637588,160.26496992496476,156.3422834074005,157.15673828125,267285.0
2025-04-25,157.4226789566659,158.17064857752274,148.5966313435626,152.13702392578125,532638.0
2025-04-28,152.55255833747148,152.55255833747148,148.74622491249298,150.059326171875,238338.0
2025-04-29,149.59393652486008,153.91553406308424,149.2615106272989,149.89312744140625,246672.0
2025-04-30,149.5939348849828,157.0071464504485,147.48299621927487,153.01797485351562,1471995.0
2025-05-02,152.91824191734636,160.86335025737426,151.65500828281688,158.7357940673828,1053078.0
2025-05-05,161.21238737171703,168.94140716327288,156.97389264731547,167.7612762451172,3133527.0
2025-05-06,169.2073591672874,170.27113719621366,157.90469668590893,158.985107421875,1550808.0
2025-05-07,156.57498396384068,165.45088461110385,156.57498396384068,163.456298828125,2317761.0
2025-05-08,166.21548968302514,173.79490665077608,165.53400518162314,167.62831115722656,4393098.0
2025-05-09,166.21548512335048,168.8749226591764,162.89116537734554,167.74465942382812,1653288.0
2025-05-12,171.86680807621198,178.36584476192184,171.3847943245469,174.12734985351562,1936143.0
2025-05-13,175.45705434319692,179.81190176553648,173.52895384156963,176.80340576171875,1441137.0
2025-05-14,177.85055379728806,179.51271362557418,173.72841203192053,175.1911163330078,1265682.0
2025-05-15,175.45705896946143,180.17758258592647,172.481797865811,173.21315002441406,1328118.0
2025-05-16,175.45705747838755,175.4902924575972,171.73382675802884,172.8640899658203,827601.0
2025-05-19,173.8613796313112,180.84242949513512,172.78098412964167,174.87530517578125,1446390.0
2025-05-20,175.52355112336025,177.1690783281489,171.20195361137758,171.88343811035156,727005.0
2025-05-21,174.49299665967223,174.94179061128628,170.62017816320284,172.16598510742188,461505.0
2025-05-22,172.16599862311145,176.60394906234458,170.9193824762773,172.98045349121094,901533.0
2025-05-23,174.52625692368642,177.85056150688172,172.28234790609616,176.15516662597656,1464093.0
2025-05-26,178.18299712763132,178.84784889329717,172.06626957861667,173.9777374267578,1116144.0
2025-05-27,174.67584190705534,180.77595205421977,172.19924241366218,173.52896118164062,4435284.0
2025-05-28,177.18569919441316,185.41336510345164,173.92786476589367,183.36891174316406,4777197.0
2025-05-29,167.2293909381619,169.2073591548803,160.21509076960118,164.38710021972656,8196642.0
2025-05-30,164.40373619468778,168.54249553048518,158.90199268603064,160.4477996826172,1933563.0
2025-06-02,160.81347573002157,161.26225447926018,154.9959390448402,156.5915985107422,1681452.0
2025-06-03,157.3728195747787,158.46983261275872,151.7214881798687,152.3198699951172,1033746.0
2025-06-04,152.5858134545402,161.87725794342788,152.5858134545402,160.73037719726562,1648815.0
2025-06-05,160.5641505935082,161.129282200146,154.09836448780356,155.0956573486328,1117317.0
2025-06-06,155.24525816483808,157.98781349248657,153.9321569315536,154.3809356689453,873495.0
2025-06-09,155.7937576121382,159.16794494303812,154.97930279915718,155.9101104736328,846921.0
2025-06-10,157.23984998175305,157.7883488946604,155.57769010049316,156.54173278808594,431799.0
2025-06-11,157.3229482610702,163.58927881680592,157.3229482610702,160.89657592773438,2060787.0
2025-06-12,161.89386741832794,162.79144011293417,157.97118119768606,159.00172424316406,589569.0
2025-06-13,156.25916905811664,157.80497601907447,153.84903959818277,155.9101104736328,524523.0
2025-06-16,156.6747132713386,158.90198948324021,152.96810005221795,157.0570068359375,525090.0
2025-06-17,157.23985580797532,158.2205160219971,153.31716929944125,153.699462890625,547518.0
2025-06-18,153.5664786676679,155.26187343889046,151.72148084112862,152.1204071044922,326685.0
2025-06-19,152.25338811813089,153.9654004984843,148.19773133097735,150.30865478515625,652713.0
2025-06-20,149.4609683701313,154.26459494377613,148.13124954279328,152.91824340820312,598920.0
2025-06-23,152.25338506768165,155.87688051018526,150.87379860982324,155.01255798339844,720570.0
2025-06-24,155.59431036740816,159.23443859405842,155.16214909491765,156.85755920410156,640743.0
2025-06-25,157.28970812402022,159.89929329688403,156.85756206114056,157.5556640625,511287.0
2025-06-26,158.3368644516353,162.57535925217653,154.92945720795285,160.7469940185547,679791.0
2025-06-27,162.77481626134445,163.556036137068,159.06821807233138,161.09605407714844,1020387.0
2025-06-30,161.195776794391,161.49496771361657,157.85485464590522,158.7191619873047,423087.0
2025-07-01,159.5336140089388,159.73308476318334,155.34498686699777,156.09295654296875,374577.0
2025-07-02,157.65537921258957,159.16795125451617,155.67742614119328,156.52511596679688,402633.0
2025-07-03,157.23985270354694,165.78332755399117,155.94336888677125,164.95223999023438,2476551.0
2025-07-04,166.21548059546677,168.2931689670102,163.37318987703142,164.38710021972656,1636140.0
2025-07-07,164.68629697028518,165.05197305842532,159.5668621712873,159.9990234375,415965.0
2025-07-08,159.56686337233182,161.94374274565124,156.59160217437335,157.65538024902344,390975.0
2025-07-09,159.23443353166144,161.0295485261094,157.35620065294648,159.68321228027344,482334.0
2025-07-10,159.23442873202563,160.23172157331706,157.0736225034005,157.48916625976562,328620.0
2025-07-11,157.73848894352466,160.2317210384303,157.25646001384794,157.88807678222656,449718.0
2025-07-14,157.2730800717254,158.56956382574663,155.2452593840738,155.89349365234375,405456.0
2025-07-15,155.8934968397452,160.06550637982403,155.8934968397452,157.356201171875,565866.0
2025-07-16,157.35620825876572,158.45322133978792,156.24256246959723,156.7910614013672,230148.0
2025-07-17,156.70795676541442,158.63605740020935,155.8270167265181,156.84092712402344,340728.0
2025-07-18,157.0071403523863,162.45900088828935,156.04308247124723,158.56956481933594,979077.0
2025-07-21,158.5861901015409,161.82739205742703,157.37282416313673,157.98782348632812,531780.0
2025-07-22,158.5695709098613,161.14590582594474,156.00985348409608,156.87417602539062,962100.0
2025-07-23,156.90740886834857,158.901994638783,156.64146815695244,158.46983337402344,328155.0
2025-07-24,158.9019901176282,159.98240085752767,156.52511083781948,157.04037475585938,227223.0
2025-07-25,157.50579208718338,157.50579208718338,151.70487276774728,152.6522979736328,457992.0
2025-07-28,153.1841884070624,154.34768659132888,146.2696236072827,146.6352996826172,408225.0
2025-07-29,146.6353010509669,151.08986873733085,146.0369192462027,150.458251953125,215586.0
2025-07-30,150.92365533258703,153.21743206946465,148.59664361469436,149.89312744140625,451206.0
2025-07-31,147.63259699155583,155.24526397512855,145.8540842473896,149.9928436279297,491250.0
2025-08-01,150.89041972515963,150.89041972515963,146.96773328029374,147.9816436767578,273939.0
2025-08-04,148.496905385311,150.4914911673433,146.45246713271342,149.1950225830078,364827.0
2025-08-05,149.57731000677887,158.8853715340539,147.30015089784422,155.9101104736328,1198056.0
2025-08-06,160.231719738975,163.2235982285981,157.92132569759812,161.3952178955078,1910787.0
2025-08-07,161.26226071454585,162.22631864479797,158.90199879545938,161.06280517578125,974451.0
2025-08-08,165.11846107611953,167.21278226512743,152.91824047146497,160.31483459472656,3484749.0
2025-08-11,158.83550853266348,160.23172769429684,155.24526329735275,155.79376220703125,832383.0
2025-08-12,157.9046963126824,157.92132901968287,154.71336223344667,156.2924041748047,325392.0
2025-08-13,156.5749795574307,157.32294920499805,153.63296865382878,154.314453125,451542.0
2025-08-14,154.31445613607596,155.07904328829107,153.03458983488477,153.4667510986328,228411.0
2025-08-18,154.5804002925808,155.57769319769423,153.33378416118902,153.7659454345703,266421.0
2025-08-19,153.76594605092865,156.17607565377426,153.64959318253474,155.67742919921875,277974.0
2025-08-20,155.4779608172234,155.92675480716116,154.31446255048456,154.84634399414062,187728.0
2025-08-21,154.84634173776246,156.39214879145698,150.7574499380503,151.82122802734375,469266.0
2025-08-22,152.5525533756138,152.73539140964274,147.98163295985253,149.4110870361328,546003.0
2025-08-25,149.69367405881457,151.18961344560827,147.93177873265938,148.29745483398438,324606.0
2025-08-26,148.26420508376907,148.56338075734078,142.5962565127855,142.87881469726562,678120.0
2025-08-28,142.94530570666245,146.9012421907269,140.98397017188168,144.27503967285156,581733.0
2025-08-29,144.9398958187841,145.604762821972,142.6128841338493,143.39410400390625,304083.0
2025-09-01,143.59355320470652,145.2390803235856,143.4605828534316,144.32489013671875,170895.0
2025-09-02,145.60476711196665,152.23675897904616,144.1254452145918,150.99014282226562,551274.0
2025-09-03,152.15364854633336,156.2259227115939,151.62176712922908,155.4281005859375,648036.0
2025-09-04,157.07362540170107,157.07362540170107,151.23945608550247,152.78526306152344,285633.0
2025-09-05,152.918228483282,157.4060462072015,151.35580406797172,153.68283081054688,527439.0
2025-09-08,154.58039993845964,155.5112076622653,152.20352054904868,152.6190643310547,278100.0
2025-09-09,154.5803955415059,154.5970130314185,151.82122264682465,153.5,203181.0
2025-09-10,152.3333282470703,155.03334045410156,151.5,152.06666564941406,445389.0
2025-09-11,152.8333282470703,156.23333740234375,152.71665954589844,153.5833282470703,407793.0
2025-09-12,154.93333435058594,156.60000610351562,152.53334045410156,154.85000610351562,459897.0
2025-09-15,155.71665954589844,162.3333282470703,155.35000610351562,160.68333435058594,1345761.0
2025-09-16,161.8333282470703,164.3000030517578,158.63333129882812,160.06666564941406,879117.0
2025-09-17,163.8333282470703,164.46665954589844,159.73333740234375,160.73333740234375,1192098.0
2025-09-18,161.81666564941406,162.3333282470703,156.0,157.53334045410156,961170.0
2025-09-19,158.28334045410156,161.56666564941406,157.75,159.3333282470703,1546881.0
2025-09-22,162.89999389648438,168.5,158.75,160.0500030517578,679054.0
2025-09-23,159.0,160.0,156.3000030517578,158.75,520089.0
2025-09-24,158.75,174.4499969482422,156.3000030517578,170.4499969482422,6575373.0
2025-09-25,169.8000030517578,170.0,164.39999389648438,166.60000610351562,1918130.0
2025-09-26,166.0,166.3000030517578,160.0,162.10000610351562,862007.0
2025-09-29,161.8000030517578,173.25,160.8000030517578,167.9499969482422,2028014.0
2025-09-30,166.3000030517578,170.0,165.0500030517578,168.85000610351562,628366.0
2025-10-01,168.00999450683594,168.89999389648438,166.5,168.5399932861328,641163.0
2025-10-03,167.0,198.0,166.89999389648438,194.5399932861328,36311778.0
2025-10-06,198.0,214.10000610351562,197.1300048828125,204.00999450683594,28145341.0
2025-10-07,204.89999389648438,204.89999389648438,184.0,187.89999389648438,6756652.0
2025-10-08,189.0,191.39999389648438,184.58999633789062,186.25,4138284.0
2025-10-09,186.25,206.83999633789062,184.33999633789062,203.41000366210938,17661938.0
2025-10-10,205.89999389648438,211.89999389648438,197.7899932861328,205.4600067138672,8018995.0
2025-10-13,203.91000366210938,211.0,201.6300048828125,205.07000732421875,6225469.0
2025-10-14,207.0,217.89999389648438,201.35000610351562,205.52000427246094,14091710.0
2025-10-15,207.10000610351562,237.8800048828125,203.5800018310547,230.91000366210938,42739451.0
2025-10-16,232.6999969482422,235.89999389648438,222.47000122070312,229.38999938964844,12720151.0
2025-10-17,230.0,234.6999969482422,215.75,217.5500030517578,7697405.0
2025-10-20,218.0,225.75999450683594,212.10000610351562,220.58999633789062,8040821.0
2025-10-21,222.0,229.8000030517578,221.6999969482422,225.6300048828125,2103957.0
2025-10-23,225.89999389648438,226.60000610351562,211.14999389648438,212.61000061035156,3299055.0
2025-10-24,214.0,222.75,213.0,215.3699951171875,3555801.0
2025-10-27,215.00999450683594,217.89999389648438,210.00999450683594,211.82000732421875,2000392.0
2025-10-28,212.97999572753906,215.60000610351562,206.5500030517578,210.32000732421875,1547751.0
2025-10-29,211.0,226.89999389648438,210.60000610351562,219.97999572753906,7393517.0
2025-10-30,220.0,224.60000610351562,217.75999450683594,221.38999938964844,2871100.0
2025-10-31,222.5,227.4499969482422,215.8000030517578,216.8800048828125,3043574.0
2025-11-03,218.08999633789062,229.75,217.55999755859375,225.5800018310547,5244205.0
2025-11-04,227.0,227.0,218.7100067138672,219.92999267578125,1859832.0
2025-11-05,219.92999267578125,219.92999267578125,219.92999267578125,219.92999267578125,0.0
2025-11-06,220.88999938964844,221.10000610351562,197.6699981689453,199.47000122070312,4258591.0
2025-11-07,197.99000549316406,209.0500030517578,196.58999633789062,204.74000549316406,2768382.0
2025-11-10,211.0,214.89999389648438,206.39999389648438,208.9499969482422,3535240.0
2025-11-11,208.9499969482422,209.0,201.14999389648438,206.11000061035156,1850307.0
2025-11-12,207.5,225.99000549316406,207.1999969482422,224.5,7894775.0
2025-11-13,226.4499969482422,227.5,218.10000610351562,219.6300048828125,2827665.0
2025-11-14,218.99000549316406,224.60000610351562,215.42999267578125,222.5,2162424.0
2025-11-17,224.0,227.8000030517578,218.27999877929688,218.99000549316406,1788821.0
2025-11-18,218.89999389648438,218.97000122070312,211.0,215.1699981689453,1941709.0
2025-11-19,216.47000122070312,218.3000030517578,205.6999969482422,206.75999450683594,2378763.0
2025-11-20,207.16000366210938,210.5,205.0500030517578,207.97999572753906,1480812.0
2025-11-21,207.0,207.42999267578125,202.0,202.69000244140625,1175835.0
2025-11-24,201.5,207.0,194.50999450683594,195.66000366210938,1954104.0
2025-11-25,195.60000610351562,200.1999969482422,193.7100067138672,199.1300048828125,1258614.0
2025-11-26,200.5,207.7899932861328,199.5,204.9199981689453,1862274.0
2025-11-27,208.00999450683594,218.8000030517578,207.5,211.72999572753906,5991987.0
2025-11-28,213.0,221.83999633789062,209.9600067138672,213.47000122070312,4470835.0
2025-12-01,215.61000061035156,217.25,210.1999969482422,211.8800048828125,1374022.0
2025-12-02,212.0,212.89999389648438,205.35000610351562,207.94000244140625,1267230.0
2025-12-03,209.0,211.39999389648438,205.10000610351562,207.47999572753906,743146.0
2025-12-04,207.0,210.38999938964844,205.10000610351562,205.8699951171875,968446.0
2025-12-05,205.02000427246094,206.33999633789062,201.0,201.97000122070312,860484.0
2025-12-08,202.8000030517578,207.88999938964844,194.47000122070312,197.6300048828125,1469607.0
2025-12-09,196.38999938964844,199.0,190.60000610351562,196.25999450683594,1550031.0
2025-12-10,197.66000366210938,202.39999389648438,195.35000610351562,197.66000366210938,1564414.0
2025-12-11,198.1999969482422,199.64999389648438,194.22000122070312,197.82000732421875,751835.0
2025-12-12,200.58999633789062,220.89999389648438,199.0,215.75999450683594,18495718.0
2025-12-15,214.10000610351562,217.39999389648438,211.02999877929688,213.5399932861328,2161549.0
2025-12-16,213.19000244140625,213.19000244140625,205.10000610351562,205.86000061035156,1488470.0
2025-12-17,206.0,211.97000122070312,202.5,204.1999969482422,1892720.0
2025-12-18,204.1999969482422,219.88999938964844,200.77000427246094,211.10000610351562,6577744.0
2025-12-19,213.0,222.5,211.60000610351562,216.91000366210938,5943917.0
2025-12-22,219.67999267578125,224.4499969482422,216.10000610351562,221.1300048828125,4609600.0
2025-12-23,222.38999938964844,233.6999969482422,220.5,227.3000030517578,9901449.0
2025-12-24,228.92999267578125,253.3000030517578,228.00999450683594,240.47999572753906,36036478.0
2025-12-25,240.47999572753906,240.47999572753906,240.47999572753906,240.47999572753906,0.0
2025-12-26,242.0,253.0,239.35000610351562,242.5,10566331.0
2025-12-29,243.5,244.4499969482422,225.0,232.1999969482422,6664764.0
2025-12-30,230.91000366210938,243.8000030517578,230.63999938964844,240.9600067138672,6834890.0
2025-12-31,242.89999389648438,247.0,236.47999572753906,242.7899932861328,5355846.0
2026-01-01,243.5,245.89999389648438,241.0,244.44000244140625,2392307.0
2026-01-02,246.0,268.79998779296875,246.0,264.7099914550781,24904909.0
2026-01-05,266.0,273.0,255.35000610351562,259.69000244140625,5290457.0
2026-01-06,259.6600036621094,264.75,257.1499938964844,257.9800109863281,2919869.0
2026-01-07,257.94000244140625,266.8999938964844,256.2300109863281,263.260009765625,4872073.0
2026-01-08,263.0,263.0,237.0,238.22999572753906,7708530.0
2026-01-09,237.0399932861328,242.38999938964844,220.64999389648438,224.77000427246094,5208753.0
2026-01-12,225.5,232.0,213.55999755859375,229.8000030517578,7281795.0
2026-01-13,232.75,236.49000549316406,222.5500030517578,227.9199981689453,3166305.0
2026-01-14,227.9199981689453,235.8300018310547,227.42999267578125,232.41000366210938,2908187.0
2026-01-15,232.41000366210938,232.41000366210938,232.41000366210938,232.41000366210938,0.0
2026-01-16,234.13999938964844,235.1999969482422,226.1999969482422,227.77999877929688,1752698.0
